﻿<?xml version="1.0" encoding="utf-8"?>
<Tokens xmlns:xsi="http://www.w3.org/2001/XMLSchema-instance" xmlns:xsd="http://www.w3.org/2001/XMLSchema" parentXml="TI-84+CSE.xml" xmlns="http://merthsoft.com/Tokens">
  <Groups>
    <Group name="Celtic" comment="Celtic II Libraries" site="http://dcs.cemetech.net/index.php/Third-Party_BASIC_Libraries_%28Color%29" />
    <Group name="xLib" comment="xLib Libraries" site="http://dcs.cemetech.net/index.php/Third-Party_BASIC_Libraries_%28Color%29" />
  </Groups>
  <Styles>
    <Style name="Hyrbid" foreground="Orange" />
  </Styles>
  <Token byte="@det(" stringTerminator="false">
    <Token byte="@0" string="ReadLine(" style="Hyrbid" group="Celtic" />
    <Token byte="@1" string="ReplaceLine(" style="Hyrbid" group="Celtic">
      <Token byte="@0" stringTerminator="false">
        <Token byte="@," string="BufSpriteSelect(" style="Hyrbid" group="Celtic" />
      </Token>
      <Token byte="@1" stringTerminator="false">
        <Token byte="@," string="ExecArcPrgm(" style="Hyrbid" group="Celtic" />
      </Token>
      <Token byte="@2" stringTerminator="false">
        <Token byte="@," string="DispColor(" style="Hyrbid" group="Celtic" />
      </Token>
    </Token>
    <Token byte="@2" string="InsertLine(" style="Hyrbid" group="Celtic" />
    <Token byte="@3" string="SpecialChars(" style="Hyrbid" group="Celtic" />
    <Token byte="@4" string="CreateVar(" style="Hyrbid" group="Celtic" />
    <Token byte="@5" string="ArcUnarcVar(" style="Hyrbid" group="Celtic" />
    <Token byte="@6" string="DeleteVar(" style="Hyrbid" group="Celtic" />
    <Token byte="@7" string="DeleteLine(" style="Hyrbid" group="Celtic" />
    <Token byte="@8" string="VarStatus(" style="Hyrbid" group="Celtic" />
    <Token byte="@9" stringTerminator="false">
      <Token byte="@," string="BufSprite(" style="Hyrbid" group="Celtic" />
    </Token>
  </Token>
  <Token byte="$BB" stringTerminator="false">
    <Token byte="$26" stringTerminator="false">
      <Token byte="@0" stringTerminator="false">
        <Token byte="@," stringTerminator="false">
          <Token byte="@0" string="GetxLIBVersion(" style="Hyrbid" group="xLib" />
          <Token byte="@1" stringTerminator="false">
            <Token byte="@," string="SetUpGraphics(" style="Hyrbid" group="xLib">
              <Token byte="@0" stringTerminator="false">
                <Token byte="@," string="SetFullResolution(" style="Hyrbid" group="xLib" />
              </Token>
              <Token byte="@1" string="SetHalfResolution(" style="Hyrbid" group="xLib" />
            </Token>
          </Token>
          <Token byte="@2" stringTerminator="false">
            <Token byte="@," string="ChangeSpeed(" style="Hyrbid" group="xLib">
              <Token byte="@0" string="SetSpeed6MHz(" style="Hyrbid" group="xLib" />
              <Token byte="@1" string="SetSpeed15MHz(" style="Hyrbid" group="xLib" />
            </Token>
          </Token>
          <Token byte="@3" stringTerminator="false">
            <Token byte="@," string="SetupColorMode(" style="Hyrbid" group="xLib" />
          </Token>
        </Token>
      </Token>
      <Token byte="@1" stringTerminator="false">
        <Token byte="@," stringTerminator="false">
          <Token byte="@0" stringTerminator="false">
            <Token byte="@," string="GetUservar(" style="Hyrbid" group="xLib" />
          </Token>
          <Token byte="@1" stringTerminator="false">
            <Token byte="@," string="SetUservar(" style="Hyrbid" group="xLib" />
          </Token>
          <Token byte="@2" stringTerminator="false">
            <Token byte="@," string="AddToUservar(" style="Hyrbid" group="xLib" />
          </Token>
          <Token byte="@3" stringTerminator="false">
            <Token byte="@," string="SubFromUservar(" style="Hyrbid" group="xLib" />
          </Token>
        </Token>
      </Token>
      <Token byte="@2" stringTerminator="false">
        <Token byte="@," stringTerminator="false">
          <Token byte="@0" stringTerminator="false">
            <Token byte="@," string="GetKeyCheckList(" style="Hyrbid" group="xLib">
              <Token byte="@0" string="GetKey(" style="Hyrbid" group="xLib" />
            </Token>
          </Token>
          <Token byte="@1" stringTerminator="false">
            <Token byte="@," string="GetKeyArrows(" style="Hyrbid" group="xLib" />
          </Token>
          <Token byte="@2" stringTerminator="false">
            <Token byte="@," string="GetKeyArrowsDiagonals(" style="Hyrbid" group="xLib" />
          </Token>
          <Token byte="@3" stringTerminator="false">
            <Token byte="@," string="GetKeyArrowsCheckTile(" style="Hyrbid" group="xLib" />
          </Token>
          <Token byte="@4" stringTerminator="false">
            <Token byte="@," string="GetKeyArrowsDiagonalsCheckTile(" style="Hyrbid" group="xLib" />
          </Token>
        </Token>
      </Token>
      <Token byte="@3" stringTerminator="false">
        <Token byte="@," stringTerminator="false">
          <Token byte="@0" stringTerminator="false">
            <Token byte="@," string="DrawMapA(" style="Hyrbid" group="xLib" />
          </Token>
          <Token byte="@1" stringTerminator="false">
            <Token byte="@," string="DrawMapB(" style="Hyrbid" group="xLib" />
          </Token>
          <Token byte="@2" stringTerminator="false">
            <Token byte="@," string="DrawMap_GetTileA(" style="Hyrbid" group="xLib" />
          </Token>
          <Token byte="@3" stringTerminator="false">
            <Token byte="@," string="DrawMap_GetTileB(" style="Hyrbid" group="xLib" />
          </Token>
          <Token byte="@4" stringTerminator="false">
            <Token byte="@," string="DrawMap_SetTile(" style="Hyrbid" group="xLib" />
          </Token>
          <Token byte="@5" stringTerminator="false">
            <Token byte="@," string="DrawMap_ReplaceTile(" style="Hyrbid" group="xLib" />
          </Token>
          <Token byte="@6" stringTerminator="false">
            <Token byte="@," string="DrawMap_GetSectionA(" style="Hyrbid" group="xLib" />
          </Token>
          <Token byte="@7" stringTerminator="false">
            <Token byte="@," string="DrawMap_GetSectionB(" style="Hyrbid" group="xLib" />
          </Token>
        </Token>
      </Token>
      <Token byte="@4" stringTerminator="false">
        <Token byte="@," stringTerminator="false">
          <Token byte="@0" stringTerminator="false">
            <Token byte="@," string="DrawSpriteA(" style="Hyrbid" group="xLib" />
          </Token>
          <Token byte="@1" stringTerminator="false">
            <Token byte="@," string="DrawSpriteB(" style="Hyrbid" group="xLib" />
          </Token>
          <Token byte="@2" stringTerminator="false">
            <Token byte="@," string="DrawSpriteList8x8A(" style="Hyrbid" group="xLib" />
          </Token>
          <Token byte="@3" stringTerminator="false">
            <Token byte="@," string="DrawSpriteList8x8B(" style="Hyrbid" group="xLib" />
          </Token>
          <Token byte="@4" stringTerminator="false">
            <Token byte="@," string="DrawSpriteTileBGA(" style="Hyrbid" group="xLib" />
          </Token>
          <Token byte="@5" stringTerminator="false">
            <Token byte="@," string="DrawSpriteTileBGB(" style="Hyrbid" group="xLib" />
          </Token>
        </Token>
      </Token>
      <Token byte="@5" stringTerminator="false">
        <Token byte="@," stringTerminator="false">
          <Token byte="@0" stringTerminator="false">
            <Token byte="@," string="LoadTilePic(" style="Hyrbid" group="xLib" />
          </Token>
          <Token byte="@1" stringTerminator="false">
            <Token byte="@," string="LoadBGPic(" style="Hyrbid" group="xLib" />
          </Token>
          <Token byte="@2" stringTerminator="false">
            <Token byte="@," string="DisplayBGPic(" style="Hyrbid" group="xLib" />
          </Token>
          <Token byte="@3" stringTerminator="false">
            <Token byte="@," string="DrawPicSectionA(" style="Hyrbid" group="xLib" />
          </Token>
          <Token byte="@4" stringTerminator="false">
            <Token byte="@," string="DrawPicSectionB(" style="Hyrbid" group="xLib" />
          </Token>
          <Token byte="@5" stringTerminator="false">
            <Token byte="@," string="LoadSingleTile(" style="Hyrbid" group="xLib" />
          </Token>
        </Token>
      </Token>
      <Token byte="@6" stringTerminator="false">
        <Token byte="@," stringTerminator="false">
          <Token byte="@0" stringTerminator="false">
            <Token byte="@," string="DrawString(" style="Hyrbid" group="xLib" />
          </Token>
          <Token byte="@1" stringTerminator="false">
            <Token byte="@," string="DrawStringValueA(" style="Hyrbid" group="xLib" />
          </Token>
          <Token byte="@2" stringTerminator="false">
            <Token byte="@," string="DrawStringValueB(" style="Hyrbid" group="xLib" />
          </Token>
        </Token>
      </Token>
      <Token byte="@7" stringTerminator="false">
        <Token byte="@," stringTerminator="false">
          <Token byte="@0" stringTerminator="false">
            <Token byte="@," string="GetPixelA(" style="Hyrbid" group="xLib" />
          </Token>
          <Token byte="@1" stringTerminator="false">
            <Token byte="@," string="GetPixelB(" style="Hyrbid" group="xLib" />
            <Token byte="@0" stringTerminator="false">
              <Token byte="@," string="InvertFilledRectangle(" style="Hyrbid" group="xLib" />
            </Token>
            <Token byte="@1" stringTerminator="false">
              <Token byte="@," string="DrawCircle(" style="Hyrbid" group="xLib" />
            </Token>
            <Token byte="@2" stringTerminator="false">
              <Token byte="@," string="DrawFilledCircle(" style="Hyrbid" group="xLib" />
            </Token>
          </Token>
          <Token byte="@2" stringTerminator="false">
            <Token byte="@," string="SetPixelA(" style="Hyrbid" group="xLib" />
          </Token>
          <Token byte="@3" stringTerminator="false">
            <Token byte="@," string="SetPixelB(" style="Hyrbid" group="xLib" />
          </Token>
          <Token byte="@4" stringTerminator="false">
            <Token byte="@," string="InvertPixel(" style="Hyrbid" group="xLib" />
          </Token>
          <Token byte="@5" stringTerminator="false">
            <Token byte="@," string="DrawLine(" style="Hyrbid" group="xLib" />
          </Token>
          <Token byte="@6" stringTerminator="false">
            <Token byte="@," string="InvertLine(" style="Hyrbid" group="xLib" />
          </Token>
          <Token byte="@7" stringTerminator="false">
            <Token byte="@," string="DrawRectangle(" style="Hyrbid" group="xLib" />
          </Token>
          <Token byte="@8" stringTerminator="false">
            <Token byte="@," string="InvertRectangle(" style="Hyrbid" group="xLib" />
          </Token>
          <Token byte="@9" stringTerminator="false">
            <Token byte="@," string="FillRectangle(" style="Hyrbid" group="xLib" />
          </Token>
        </Token>
      </Token>
      <Token byte="@8" stringTerminator="false">
        <Token byte="@," stringTerminator="false">
          <Token byte="@0" string="GetLCDBuffer(" style="Hyrbid" group="xLib" />
          <Token byte="@1" stringTerminator="false">
            <Token byte="@," string="SetLCDBuffer(" style="Hyrbid" group="xLib" />
          </Token>
          <Token byte="@2" stringTerminator="false">
            <Token byte="@," string="SetGRAMOffset(" style="Hyrbid" group="xLib" />
          </Token>
          <Token byte="@3" stringTerminator="false">
            <Token byte="@," string="GetRand(" style="Hyrbid" group="xLib" />
          </Token>
        </Token>
      </Token>
      <Token byte="@9" string="UpdateLCD(" style="Hyrbid" group="xLib" />
    </Token>
  </Token>
</Tokens>