﻿<?xml version="1.0" encoding="utf-8"?>
<!--
NoLib.xml
Shaun McFall, Merthsoft Creations
shaunm.mcfall@gmail.com

With help from:
- Christopher Mitchell
- Weregoose
- Runer112

Use of this file in other programs is permitted.
If you do make changes, let me know! I'm happy 
to include changes if they're better!
-->
<Tokens xmlns:xsi="http://www.w3.org/2001/XMLSchema-instance" xmlns:xsd="http://www.w3.org/2001/XMLSchema" xmlns="http://merthsoft.com/Tokens">
  <Groups>
    <Group name="_default" comment="The standard TI-BASIC commands." site="http://tibasicdev.wikidot.com/home" />
    <Group name="Greek" comment="Greek letters." />
    <Group name="Y-Vars" comment="Graphing equation variables." />
    <Group name="Drawing Commands" comment="Graph screen drawing commands." site="http://tibasicdev.wikidot.com/graphscreen#toc7" />
    <Group name="Accented Letters" comment="Accented letters." />
  </Groups>
  <Styles>
    <Style name="Default" foreground="Black" minTokenLength="2" tokenUnderlineColor="DarkGray" />
    <Style name="Disabled" foreground="DarkGray" />
    <Style name="String" foreground="DarkGreen" minTokenLength="2" tokenUnderlineColor="DarkGray" />
    <Style name="Comment" foreground="Green" />
    <Style name="Command" foreground="Blue" />
  </Styles>
  <Token byte="$00" string="" />
  <Token byte="$01" string="►DMS" stringTerminator="false">
    <Alt string="&gt;DMS" />
  </Token>
  <Token byte="$02" string="►Dec" stringTerminator="false">
    <Alt string="&gt;Dec" />
  </Token>
  <Token byte="$03" string="►Frac" stringTerminator="false">
    <Alt string="&gt;Frac" />
  </Token>
  <Token byte="$04" string="→" stringTerminator="true">
    <Alt string="-&gt;" />
  </Token>
  <Token byte="$05" string="Boxplot" />
  <Token byte="$06" string="[" />
  <Token byte="$07" string="]" />
  <Token byte="$08" string="{" />
  <Token byte="$09" string="}" />
  <Token byte="$0A" string="ʳ" stringTerminator="false">
    <Alt string="^^r" />
  </Token>
  <Token byte="$0B" string="°" stringTerminator="false">
    <Alt string="^^o" />
  </Token>
  <Token byte="$0C" string="ˉ¹" stringTerminator="false">
    <Alt string="⁻¹" />
    <Alt string="^^-1" />
  </Token>
  <Token byte="$0D" string="²" stringTerminator="false">
    <Alt string="^^2" />
  </Token>
  <Token byte="$0E" string="ᵀ" stringTerminator="false">
    <Alt string="^^T" />
  </Token>
  <Token byte="$0F" string="³" stringTerminator="false">
    <Alt string="^^3" />
  </Token>
  <Token byte="$10" string="(" />
  <Token byte="$11" string=")" />
  <Token byte="$12" string="round(" />
  <Token byte="$13" string="pxl-Test(" />
  <Token byte="$14" string="augment(" />
  <Token byte="$15" string="rowSwap(" />
  <Token byte="$16" string="row+(" />
  <Token byte="$17" string="*row(" />
  <Token byte="$18" string="*row+(" />
  <Token byte="$19" string="max(" />
  <Token byte="$1A" string="min(" />
  <Token byte="$1B" string="R►Pr(" stringTerminator="false">
    <Alt string="R&gt;Pr(" />
  </Token>
  <Token byte="$1C" string="R►Pθ(" stringTerminator="false">
    <Alt string="R►Ptheta(" />
    <Alt string="R&gt;Pθ(" />
    <Alt string="R&gt;Ptheta(" />
  </Token>
  <Token byte="$1D" string="P►Rx(" stringTerminator="false">
    <Alt string="P&gt;Rx(" />
  </Token>
  <Token byte="$1E" string="P►Ry(" stringTerminator="false">
    <Alt string="P&gt;Ry(" />
  </Token>
  <Token byte="$1F" string="median(" />
  <Token byte="$20" string="randM(" />
  <Token byte="$21" string="mean(" />
  <Token byte="$22" string="solve(" />
  <Token byte="$23" string="seq(" />
  <Token byte="$24" string="fnInt(" />
  <Token byte="$25" string="nDeriv(" />
  <Token byte="$27" string="fMin(" />
  <Token byte="$28" string="fMax(" />
  <Token byte="$29" string=" " />
  <Token byte="$2A" string="&quot;" stringStarter="true" stringTerminator="true" style="String" />
  <Token byte="$2B" string="," />
  <Token byte="$2C" string="[i]" />
  <Token byte="$2D" string="!" />
  <Token byte="$2E" string="CubicReg " />
  <Token byte="$2F" string="QuartReg " />
  <Token byte="$30" string="0" />
  <Token byte="$31" string="1" />
  <Token byte="$32" string="2" />
  <Token byte="$33" string="3" />
  <Token byte="$34" string="4" />
  <Token byte="$35" string="5" />
  <Token byte="$36" string="6" />
  <Token byte="$37" string="7" />
  <Token byte="$38" string="8" />
  <Token byte="$39" string="9" />
  <Token byte="$3A" string="." />
  <Token byte="$3B" string="ᴇ" stringTerminator="false">
    <Alt string="|E" />
  </Token>
  <Token byte="$3C" string=" or " />
  <Token byte="$3D" string=" xor " />
  <Token byte="$3E" string=":" />
  <Token byte="$3F" string="\n" stringTerminator="true" />
  <Token byte="$40" string=" and " />
  <Token byte="$41" string="A" />
  <Token byte="$42" string="B" />
  <Token byte="$43" string="C" />
  <Token byte="$44" string="D" />
  <Token byte="$45" string="E" />
  <Token byte="$46" string="F" />
  <Token byte="$47" string="G" />
  <Token byte="$48" string="H" />
  <Token byte="$49" string="I" />
  <Token byte="$4A" string="J" />
  <Token byte="$4B" string="K" />
  <Token byte="$4C" string="L" />
  <Token byte="$4D" string="M" />
  <Token byte="$4E" string="N" />
  <Token byte="$4F" string="O" />
  <Token byte="$50" string="P" />
  <Token byte="$51" string="Q" />
  <Token byte="$52" string="R" />
  <Token byte="$53" string="S" />
  <Token byte="$54" string="T" />
  <Token byte="$55" string="U" />
  <Token byte="$56" string="V" />
  <Token byte="$57" string="W" />
  <Token byte="$58" string="X" />
  <Token byte="$59" string="Y" />
  <Token byte="$5A" string="Z" />
  <Token byte="$5B" string="θ" stringTerminator="false">
    <Alt string="theta" />
  </Token>
  <Token byte="$5C" stringTerminator="false">
    <Token byte="$00" string="[A]" />
    <Token byte="$01" string="[B]" />
    <Token byte="$02" string="[C]" />
    <Token byte="$03" string="[D]" />
    <Token byte="$04" string="[E]" />
    <Token byte="$05" string="[F]" />
    <Token byte="$06" string="[G]" />
    <Token byte="$07" string="[H]" />
    <Token byte="$08" string="[I]" />
    <Token byte="$09" string="[J]" />
  </Token>
  <Token byte="$5D" stringTerminator="false">
    <Token byte="$00" string="L₁" stringTerminator="false">
      <Alt string="L1" />
    </Token>
    <Token byte="$01" string="L₂" stringTerminator="false">
      <Alt string="L2" />
    </Token>
    <Token byte="$02" string="L₃" stringTerminator="false">
      <Alt string="L3" />
    </Token>
    <Token byte="$03" string="L₄" stringTerminator="false">
      <Alt string="L4" />
    </Token>
    <Token byte="$04" string="L₅" stringTerminator="false">
      <Alt string="L5" />
    </Token>
    <Token byte="$05" string="L₆" stringTerminator="false">
      <Alt string="L6" />
    </Token>
  </Token>
  <Token byte="$5E" stringTerminator="false">
    <Token byte="$10" string="Y₁" group="Y-Vars">
      <Alt string="{Y1}" />
    </Token>
    <Token byte="$11" string="Y₂" group="Y-Vars">
      <Alt string="{Y2}" />
    </Token>
    <Token byte="$12" string="Y₃" group="Y-Vars">
      <Alt string="{Y3}" />
    </Token>
    <Token byte="$13" string="Y₄" group="Y-Vars">
      <Alt string="{Y4}" />
    </Token>
    <Token byte="$14" string="Y₅" group="Y-Vars">
      <Alt string="{Y5}" />
    </Token>
    <Token byte="$15" string="Y₆" group="Y-Vars">
      <Alt string="{Y6}" />
    </Token>
    <Token byte="$16" string="Y₇" group="Y-Vars">
      <Alt string="{Y7}" />
    </Token>
    <Token byte="$17" string="Y₈" group="Y-Vars">
      <Alt string="{Y8}" />
    </Token>
    <Token byte="$18" string="Y₉" group="Y-Vars">
      <Alt string="{Y9}" />
    </Token>
    <Token byte="$19" string="Y₀" group="Y-Vars">
      <Alt string="{Y0}" />
    </Token>
    <Token byte="$20" string="X₁ᴛ" group="Y-Vars">
      <Alt string="{X1T}" />
    </Token>
    <Token byte="$21" string="Y₁ᴛ" group="Y-Vars">
      <Alt string="{Y1T}" />
    </Token>
    <Token byte="$22" string="X₂ᴛ" group="Y-Vars">
      <Alt string="{X2T}" />
    </Token>
    <Token byte="$23" string="Y₂ᴛ" group="Y-Vars">
      <Alt string="{Y2T}" />
    </Token>
    <Token byte="$24" string="X₃ᴛ" group="Y-Vars">
      <Alt string="{X3T}" />
    </Token>
    <Token byte="$25" string="Y₃ᴛ" group="Y-Vars">
      <Alt string="{Y3T}" />
    </Token>
    <Token byte="$26" string="X₄ᴛ" group="Y-Vars">
      <Alt string="{X4T}" />
    </Token>
    <Token byte="$27" string="Y₄ᴛ" group="Y-Vars">
      <Alt string="{Y4T}" />
    </Token>
    <Token byte="$28" string="X₅ᴛ" group="Y-Vars">
      <Alt string="{X5T}" />
    </Token>
    <Token byte="$29" string="Y₅ᴛ" group="Y-Vars">
      <Alt string="{Y5T}" />
    </Token>
    <Token byte="$2A" string="X₆ᴛ" group="Y-Vars">
      <Alt string="{X6T}" />
    </Token>
    <Token byte="$2B" string="Y₆ᴛ" group="Y-Vars">
      <Alt string="{Y6T}" />
    </Token>
    <Token byte="$40" string="r₁" group="Y-Vars">
      <Alt string="{r1}" />
    </Token>
    <Token byte="$41" string="r₂" group="Y-Vars">
      <Alt string="{r2}" />
    </Token>
    <Token byte="$42" string="r₃" group="Y-Vars">
      <Alt string="{r3}" />
    </Token>
    <Token byte="$43" string="r₄" group="Y-Vars">
      <Alt string="{r4}" />
    </Token>
    <Token byte="$44" string="r₅" group="Y-Vars">
      <Alt string="{r5}" />
    </Token>
    <Token byte="$45" string="r₆" group="Y-Vars">
      <Alt string="{r6}" />
    </Token>
    <Token byte="$80" string="|u" />
    <Token byte="$81" string="|v" />
    <Token byte="$82" string="|w" />
  </Token>
  <Token byte="$5F" string="prgm" />
  <Token byte="$60" stringTerminator="false">
    <Token byte="$00" string="Pic1" />
    <Token byte="$01" string="Pic2" />
    <Token byte="$02" string="Pic3" />
    <Token byte="$03" string="Pic4" />
    <Token byte="$04" string="Pic5" />
    <Token byte="$05" string="Pic6" />
    <Token byte="$06" string="Pic7" />
    <Token byte="$07" string="Pic8" />
    <Token byte="$08" string="Pic9" />
    <Token byte="$09" string="Pic0" />
  </Token>
  <Token byte="$61" stringTerminator="false">
    <Token byte="$00" string="GDB1" />
    <Token byte="$01" string="GDB2" />
    <Token byte="$02" string="GDB3" />
    <Token byte="$03" string="GDB4" />
    <Token byte="$04" string="GDB5" />
    <Token byte="$05" string="GDB6" />
    <Token byte="$06" string="GDB7" />
    <Token byte="$07" string="GDB8" />
    <Token byte="$08" string="GDB9" />
    <Token byte="$09" string="GDB0" />
  </Token>
  <Token byte="$62" stringTerminator="false">
    <Token byte="$01" string="[RegEQ]" />
    <Token byte="$02" string="[n]" />
    <Token byte="$03" string="ẋ" stringTerminator="false">
      <Alt string="[xhat]" />
    </Token>
    <Token byte="$04" string="Σx" stringTerminator="false">
      <Alt string="[Sigmax]" />
    </Token>
    <Token byte="$05" string="Σx²" stringTerminator="false">
      <Alt string="Σx^2" />
      <Alt string="sigmax²" />
      <Alt string="[Sigmax^2]" />
    </Token>
    <Token byte="$06" string="[Sx]" />
    <Token byte="$07" string="σx" stringTerminator="false">
      <Alt string="[sigmax]" />
    </Token>
    <Token byte="$08" string="[minX]" />
    <Token byte="$09" string="[maxX]" />
    <Token byte="$0A" string="[minY]" />
    <Token byte="$0B" string="[maxY]" />
    <Token byte="$0C" string="ȳ" stringTerminator="false">
      <Alt string="[yhat]" />
    </Token>
    <Token byte="$0D" string="Σy" stringTerminator="false">
      <Alt string="[Sigmay]" />
    </Token>
    <Token byte="$0E" string="Σy²" stringTerminator="false">
      <Alt string="Σy^2" />
      <Alt string="sigmay²" />
      <Alt string="[Sigmay^2]" />
    </Token>
    <Token byte="$0F" string="[Sy]" />
    <Token byte="$10" string="σy" stringTerminator="false">
      <Alt string="[sigmay]" />
    </Token>
    <Token byte="$11" string="Σxy" stringTerminator="false">
      <Alt string="[Sigmaxy]" />
    </Token>
    <Token byte="$12" string="[r]" />
    <Token byte="$13" string="[Med]" />
    <Token byte="$14" string="[Q1]" />
    <Token byte="$15" string="[Q3]" />
    <Token byte="$16" string="[|a]" />
    <Token byte="$17" string="[|b]" />
    <Token byte="$18" string="[|c]" />
    <Token byte="$19" string="[|d]" />
    <Token byte="$1A" string="[|e]" />
    <Token byte="$1B" string="x₁" stringTerminator="false">
      <Alt string="[x1]" />
    </Token>
    <Token byte="$1C" string="x₂" stringTerminator="false">
      <Alt string="[x2]" />
    </Token>
    <Token byte="$1D" string="x₃" stringTerminator="false">
      <Alt string="[x3]" />
    </Token>
    <Token byte="$1E" string="y₁" stringTerminator="false">
      <Alt string="[y1]" />
    </Token>
    <Token byte="$1F" string="y₂" stringTerminator="false">
      <Alt string="[y2]" />
    </Token>
    <Token byte="$20" string="y₃" stringTerminator="false">
      <Alt string="[y3]" />
    </Token>
    <Token byte="$21" string="[recursiven]" />
    <Token byte="$22" string="[p]" />
    <Token byte="$23" string="[z]" />
    <Token byte="$24" string="[t]" />
    <Token byte="$25" string="χ²" stringTerminator="false">
      <Alt string="χ^2" />
      <Alt string="chi²" />
      <Alt string="[chi^2]" />
    </Token>
    <Token byte="$26" string="[|F]" />
    <Token byte="$27" string="[df]" />
    <Token byte="$28" string="[ṗ]" stringTerminator="false">
      <Alt string="[phat]" />
    </Token>
    <Token byte="$29" string="ṗ₁" stringTerminator="false">
      <Alt string="ṗ1" />
      <Alt string="phat₁" />
      <Alt string="[phat1]" />
    </Token>
    <Token byte="$2A" string="ṗ₂" stringTerminator="false">
      <Alt string="ṗ2" />
      <Alt string="phat₂" />
      <Alt string="[phat2]" />
    </Token>
    <Token byte="$2B" string="ẋ₁" stringTerminator="false">
      <Alt string="ẋ1" />
      <Alt string="xhat₁" />
      <Alt string="[xhat1]" />
    </Token>
    <Token byte="$2C" string="Sx₁" stringTerminator="false">
      <Alt string="[Sx1]" />
    </Token>
    <Token byte="$2D" string="n₁" stringTerminator="false">
      <Alt string="[n1]" />
    </Token>
    <Token byte="$2E" string="ẋ₂" stringTerminator="false">
      <Alt string="ẋ2" />
      <Alt string="xhat₂" />
      <Alt string="[xhat2]" />
    </Token>
    <Token byte="$2F" string="Sx₂" stringTerminator="false">
      <Alt string="[Sx2]" />
    </Token>
    <Token byte="$30" string="n₂" stringTerminator="false">
      <Alt string="[n2]" />
    </Token>
    <Token byte="$31" string="[Sxp]" />
    <Token byte="$32" string="[lower]" />
    <Token byte="$33" string="[upper]" />
    <Token byte="$34" string="[s]" />
    <Token byte="$35" string="r²" stringTerminator="false">
      <Alt string="[r^2]" />
    </Token>
    <Token byte="$36" string="R²" stringTerminator="false">
      <Alt string="[R^2]" />
    </Token>
    <Token byte="$37" string="[factordf]" />
    <Token byte="$38" string="[factorSS]" />
    <Token byte="$39" string="[factorMS]" />
    <Token byte="$3A" string="[errordf]" />
    <Token byte="$3B" string="[errorSS]" />
    <Token byte="$3C" string="[errorMS]" />
  </Token>
  <Token byte="$63" stringTerminator="false">
    <Token byte="$00" string="ZXscl" />
    <Token byte="$01" string="ZYscl" />
    <Token byte="$02" string="Xscl" />
    <Token byte="$03" string="Yscl" />
    <Token byte="$04" string="u(nMin)" />
    <Token byte="$05" string="v(nMin)" />
    <Token byte="$06" string="Un-₁" stringTerminator="false">
      <Alt string="Un-1" />
    </Token>
    <Token byte="$07" string="Vn-₁" stringTerminator="false">
      <Alt string="Vn-1" />
    </Token>
    <Token byte="$08" string="Zu(nmin)" />
    <Token byte="$09" string="Zv(nmin)" />
    <Token byte="$0A" string="Xmin" />
    <Token byte="$0B" string="Xmax" />
    <Token byte="$0C" string="Ymin" />
    <Token byte="$0D" string="Ymax" />
    <Token byte="$0E" string="Tmin" />
    <Token byte="$0F" string="Tmax" />
    <Token byte="$10" string="θMin" stringTerminator="false">
      <Alt string="thetaMin" />
    </Token>
    <Token byte="$11" string="θMax" stringTerminator="false">
      <Alt string="thetaMax" />
    </Token>
    <Token byte="$12" string="ZXmin" />
    <Token byte="$13" string="ZXmax" />
    <Token byte="$14" string="ZYmin" />
    <Token byte="$15" string="ZYmax" />
    <Token byte="$16" string="Zθmin" stringTerminator="false">
      <Alt string="Zthetamin" />
    </Token>
    <Token byte="$17" string="Zθmax" stringTerminator="false">
      <Alt string="Zthetamax" />
    </Token>
    <Token byte="$18" string="ZTmin" />
    <Token byte="$19" string="ZTmax" />
    <Token byte="$1A" string="TblStart" />
    <Token byte="$1B" string="PlotStart" />
    <Token byte="$1C" string="ZPlotStart" />
    <Token byte="$1D" string="nMax" />
    <Token byte="$1E" string="ZnMax" />
    <Token byte="$1F" string="nMin" />
    <Token byte="$20" string="ZnMin" />
    <Token byte="$21" string="∆Tbl" stringTerminator="false">
      <Alt string="DeltaTbl" />
    </Token>
    <Token byte="$22" string="Tstep" />
    <Token byte="$23" string="θstep" stringTerminator="false">
      <Alt string="thetastep" />
    </Token>
    <Token byte="$24" string="ZTstep" />
    <Token byte="$25" string="Zθstep" stringTerminator="false">
      <Alt string="Zthetastep" />
    </Token>
    <Token byte="$26" string="∆X" stringTerminator="false">
      <Alt string="DeltaX" />
    </Token>
    <Token byte="$27" string="∆Y" stringTerminator="false">
      <Alt string="DeltaY" />
    </Token>
    <Token byte="$28" string="XFact" />
    <Token byte="$29" string="YFact" />
    <Token byte="$2A" string="TblInput" />
    <Token byte="$2B" string="|N" />
    <Token byte="$2C" string="I%" />
    <Token byte="$2D" string="PV" />
    <Token byte="$2E" string="PMT" />
    <Token byte="$2F" string="FV" />
    <Token byte="$30" string="|P/Y" />
    <Token byte="$31" string="|C/Y" />
    <Token byte="$32" string="w(nMin)" />
    <Token byte="$33" string="Zw(nMin)" />
    <Token byte="$34" string="PlotStep" />
    <Token byte="$35" string="ZPlotStep" />
    <Token byte="$36" string="Xres" />
    <Token byte="$37" string="ZXres" />
  </Token>
  <Token byte="$64" string="Radian" />
  <Token byte="$65" string="Degree" />
  <Token byte="$66" string="Normal" />
  <Token byte="$67" string="Sci" />
  <Token byte="$68" string="Eng" />
  <Token byte="$69" string="Float" />
  <Token byte="$6A" string="=" />
  <Token byte="$6B" string="&lt;" />
  <Token byte="$6C" string="&gt;" />
  <Token byte="$6D" string="≤" stringTerminator="false">
    <Alt string="&lt;=" />
  </Token>
  <Token byte="$6E" string="≥" stringTerminator="false">
    <Alt string="&gt;=" />
  </Token>
  <Token byte="$6F" string="≠" stringTerminator="false">
    <Alt string="!=" />
  </Token>
  <Token byte="$70" string="+" />
  <Token byte="$71" string="-" />
  <Token byte="$72" string="Ans" />
  <Token byte="$73" string="Fix " />
  <Token byte="$74" string="Horiz" />
  <Token byte="$75" string="Full" />
  <Token byte="$76" string="Func" />
  <Token byte="$77" string="Param" />
  <Token byte="$78" string="Polar" />
  <Token byte="$79" string="Seq" />
  <Token byte="$7A" string="IndpntAuto" />
  <Token byte="$7B" string="IndpntAsk" />
  <Token byte="$7C" string="DependAuto" />
  <Token byte="$7D" string="DependAsk" />
  <Token byte="$7E" stringTerminator="false">
    <Token byte="$00" string="Sequential" />
    <Token byte="$01" string="Simul" />
    <Token byte="$02" string="PolarGC" />
    <Token byte="$03" string="RectGC" />
    <Token byte="$04" string="CoordOn" />
    <Token byte="$05" string="CoordOff" />
    <Token byte="$06" string="Connected" />
    <Token byte="$07" string="Dot" />
    <Token byte="$08" string="AxesOn" />
    <Token byte="$09" string="AxesOff" />
    <Token byte="$0A" string="GridOn" />
    <Token byte="$0B" string="GridOff" />
    <Token byte="$0C" string="LabelOn" />
    <Token byte="$0D" string="LabelOff" />
    <Token byte="$0E" string="Web" />
    <Token byte="$0F" string="Time" />
    <Token byte="$10" string="uvAxes" />
    <Token byte="$11" string="vwAxes" />
    <Token byte="$12" string="uwAxes" />
  </Token>
  <Token byte="$7F" string="□" stringTerminator="false">
    <Alt string="squareplot" />
    <Alt string="plotsquare" />
  </Token>
  <Token byte="$80" string="﹢" stringTerminator="false">
    <Alt string="crossplot" />
    <Alt string="plotcross" />
  </Token>
  <Token byte="$81" string="·" stringTerminator="false">
    <Alt string="dotplot" />
    <Alt string="plotdot" />
  </Token>
  <Token byte="$82" string="*" />
  <Token byte="$83" string="/" />
  <Token byte="$84" string="Trace" />
  <Token byte="$85" string="ClrDraw" group="Drawing Commands" />
  <Token byte="$86" string="ZStandard" />
  <Token byte="$87" string="ZTrig" />
  <Token byte="$88" string="ZBox" />
  <Token byte="$89" string="Zoom In" />
  <Token byte="$8A" string="Zoom Out" />
  <Token byte="$8B" string="ZSquare" />
  <Token byte="$8C" string="ZInteger" />
  <Token byte="$8D" string="ZPrevious" />
  <Token byte="$8E" string="ZDecimal" />
  <Token byte="$8F" string="ZoomStat" />
  <Token byte="$90" string="ZoomRcl" />
  <Token byte="$91" string="PrintScreen" />
  <Token byte="$92" string="ZoomSto" />
  <Token byte="$93" string="Text(" group="Drawing Commands" />
  <Token byte="$94" string=" nPr " />
  <Token byte="$95" string=" nCr " />
  <Token byte="$96" string="FnOn " />
  <Token byte="$97" string="FnOff " />
  <Token byte="$98" string="StorePic " group="Drawing Commands" />
  <Token byte="$99" string="RecallPic " group="Drawing Commands" />
  <Token byte="$9A" string="StoreGDB " group="Drawing Commands" />
  <Token byte="$9B" string="RecallGDB " group="Drawing Commands" />
  <Token byte="$9C" string="Line(" group="Drawing Commands" />
  <Token byte="$9D" string="Vertical " group="Drawing Commands" />
  <Token byte="$9E" string="Pt-On(" group="Drawing Commands" />
  <Token byte="$9F" string="Pt-Off(" group="Drawing Commands" />
  <Token byte="$A0" string="Pt-Change(" group="Drawing Commands" />
  <Token byte="$A1" string="Pxl-On(" group="Drawing Commands" />
  <Token byte="$A2" string="Pxl-Off(" group="Drawing Commands" />
  <Token byte="$A3" string="Pxl-Change(" group="Drawing Commands" />
  <Token byte="$A4" string="Shade(" group="Drawing Commands" />
  <Token byte="$A5" string="Circle(" group="Drawing Commands" />
  <Token byte="$A6" string="Horizontal " group="Drawing Commands" />
  <Token byte="$A7" string="Tangent(" group="Drawing Commands" />
  <Token byte="$A8" string="DrawInv " group="Drawing Commands" />
  <Token byte="$A9" string="DrawF " group="Drawing Commands" />
  <Token byte="$AA" stringTerminator="false">
    <Token byte="$00" string="Str1" />
    <Token byte="$01" string="Str2" />
    <Token byte="$02" string="Str3" />
    <Token byte="$03" string="Str4" />
    <Token byte="$04" string="Str5" />
    <Token byte="$05" string="Str6" />
    <Token byte="$06" string="Str7" />
    <Token byte="$07" string="Str8" />
    <Token byte="$08" string="Str9" />
    <Token byte="$09" string="Str0" />
  </Token>
  <Token byte="$AB" string="rand" />
  <Token byte="$AC" string="π" stringTerminator="false">
    <Alt string="pi" />
  </Token>
  <Token byte="$AD" string="getKey" />
  <Token byte="$AE" string="'" />
  <Token byte="$AF" string="?" />
  <Token byte="$B0" string="⁻" stringTerminator="false">
    <Alt string="|-" />
    <Alt string="~" />
  </Token>
  <Token byte="$B1" string="int(" />
  <Token byte="$B2" string="abs(" />
  <Token byte="$B3" string="det(" />
  <Token byte="$B4" string="identity(" />
  <Token byte="$B5" string="dim(" />
  <Token byte="$B6" string="sum(" />
  <Token byte="$B7" string="prod(" />
  <Token byte="$B8" string="not(" />
  <Token byte="$B9" string="iPart(" />
  <Token byte="$BA" string="fPart(" />
  <Token byte="$BB" stringTerminator="false">
    <Token byte="$00" string="npv(" />
    <Token byte="$01" string="irr(" />
    <Token byte="$02" string="bal(" />
    <Token byte="$03" string="ΣPrn(" stringTerminator="false">
      <Alt string="SigmaPrn(" />
    </Token>
    <Token byte="$04" string="ΣInt(" stringTerminator="false">
      <Alt string="SigmaInt(" />
    </Token>
    <Token byte="$05" string="►Nom(" stringTerminator="false">
      <Alt string="&gt;Nom(" />
    </Token>
    <Token byte="$06" string="►Eff(" stringTerminator="false">
      <Alt string="&gt;Eff(" />
    </Token>
    <Token byte="$07" string="dbd(" />
    <Token byte="$08" string="lcm(" />
    <Token byte="$09" string="gcd(" />
    <Token byte="$0A" string="randInt(" />
    <Token byte="$0B" string="randBin(" />
    <Token byte="$0C" string="sub(" />
    <Token byte="$0D" string="stdDev(" />
    <Token byte="$0E" string="variance(" />
    <Token byte="$0F" string="inString(" />
    <Token byte="$10" string="normalcdf(" />
    <Token byte="$11" string="invNorm(" />
    <Token byte="$12" string="tcdf(" />
    <Token byte="$13" string="χ²cdf(" stringTerminator="false">
      <Alt string="χ^2cdf(" />
      <Alt string="chi²cdf(" />
      <Alt string="chi^2cdf(" />
    </Token>
    <Token byte="$14" string="Fcdf(" />
    <Token byte="$15" string="binompdf(" />
    <Token byte="$16" string="binomcdf(" />
    <Token byte="$17" string="poissonpdf(" />
    <Token byte="$18" string="poissoncdf(" />
    <Token byte="$19" string="geometpdf(" />
    <Token byte="$1A" string="geometcdf(" />
    <Token byte="$1B" string="normalpdf(" />
    <Token byte="$1C" string="tpdf(" />
    <Token byte="$1D" string="χ²pdf(" stringTerminator="false">
      <Alt string="χ^2pdf(" />
      <Alt string="chi²pdf(" />
      <Alt string="chi^2pdf(" />
    </Token>
    <Token byte="$1E" string="Fpdf(" />
    <Token byte="$1F" string="randNorm(" />
    <Token byte="$20" string="tvm_Pmt" />
    <Token byte="$21" string="tvm_I%" />
    <Token byte="$22" string="tvm_PV" />
    <Token byte="$23" string="tvm_N" />
    <Token byte="$24" string="tvm_FV" />
    <Token byte="$25" string="conj(" />
    <Token byte="$26" string="real(" />
    <Token byte="$27" string="imag(" />
    <Token byte="$28" string="angle(" />
    <Token byte="$29" string="cumSum(" />
    <Token byte="$2A" string="expr(" />
    <Token byte="$2B" string="length(" />
    <Token byte="$2C" string="DeltaList(" />
    <Token byte="$2D" string="ref(" />
    <Token byte="$2E" string="rref(" />
    <Token byte="$2F" string="►Rect" stringTerminator="false">
      <Alt string="&gt;Rect" />
    </Token>
    <Token byte="$30" string="►Polar" stringTerminator="false">
      <Alt string="&gt;Polar" />
    </Token>
    <Token byte="$31" string="[e]" />
    <Token byte="$32" string="SinReg " />
    <Token byte="$33" string="Logistic " />
    <Token byte="$34" string="LinRegTTest " />
    <Token byte="$35" string="ShadeNorm(" />
    <Token byte="$36" string="Shade_t(" />
    <Token byte="$37" string="Shadeχ²(" stringTerminator="false">
      <Alt string="Shadeχ^2(" />
      <Alt string="Shadechi²(" />
      <Alt string="Shadechi^2(" />
    </Token>
    <Token byte="$38" string="ShadeF(" />
    <Token byte="$39" string="Matr►list(" stringTerminator="false">
      <Alt string="Matr&gt;list(" />
    </Token>
    <Token byte="$3A" string="List►matr(" stringTerminator="false">
      <Alt string="List&gt;matr(" />
    </Token>
    <Token byte="$3B" string="Z-Test(" />
    <Token byte="$3C" string="T-Test " />
    <Token byte="$3D" string="2-SampZTest(" />
    <Token byte="$3E" string="1-PropZTest(" />
    <Token byte="$3F" string="2-PropZTest(" />
    <Token byte="$40" string="χ²-Test(" stringTerminator="false">
      <Alt string="χ^2-Test(" />
      <Alt string="chi²-Test(" />
      <Alt string="chi^2-Test(" />
    </Token>
    <Token byte="$41" string="ZInterval" />
    <Token byte="$42" string="2-SampZInt(" />
    <Token byte="$43" string="1-PropZInt(" />
    <Token byte="$44" string="2-PropZInt(" />
    <Token byte="$45" string="GraphStyle(" />
    <Token byte="$46" string="2-SampTTest " />
    <Token byte="$47" string="2-SampFTest " />
    <Token byte="$48" string="TInterval " />
    <Token byte="$49" string="2-SampTInt " />
    <Token byte="$4A" string="SetUpEditor " />
    <Token byte="$4B" string="Pmt_End" />
    <Token byte="$4C" string="Pmt_Bgn" />
    <Token byte="$4D" string="Real" />
    <Token byte="$4E" string="re^θi" stringTerminator="false">
      <Alt string="re^thetai" />
    </Token>
    <Token byte="$4F" string="a+bi" />
    <Token byte="$50" string="ExprOn" />
    <Token byte="$51" string="ExprOff" />
    <Token byte="$52" string="ClrAllLists" />
    <Token byte="$53" string="GetCalc(" />
    <Token byte="$54" string="DelVar " />
    <Token byte="$55" string="Equ►String(" stringTerminator="false">
      <Alt string="Equ&gt;String(" />
    </Token>
    <Token byte="$56" string="String►Equ(" stringTerminator="false">
      <Alt string="String&gt;Equ(" />
    </Token>
    <Token byte="$57" string="Clear Entries" />
    <Token byte="$58" string="Select(" />
    <Token byte="$59" string="ANOVA(" />
    <Token byte="$5A" string="ModBoxPlot" />
    <Token byte="$5B" string="NormProbPlot" />
    <Token byte="$64" string="G-T" />
    <Token byte="$65" string="ZoomFit" />
    <Token byte="$66" string="DiagnosticOn" />
    <Token byte="$67" string="DiagnosticOff" />
    <Token byte="$68" string="Archive " />
    <Token byte="$69" string="UnArchive " />
    <Token byte="$6A" string="Asm(" />
    <Token byte="$6B" string="AsmComp(" />
    <Token byte="$6C" string="AsmPrgm" />
    <Token byte="$6E" string="Á" group="Accented Letters" />
    <Token byte="$6F" string="À" group="Accented Letters" />
    <Token byte="$70" string="Â" group="Accented Letters" />
    <Token byte="$71" string="Ä" group="Accented Letters" />
    <Token byte="$72" string="á" group="Accented Letters" />
    <Token byte="$73" string="à" group="Accented Letters" />
    <Token byte="$74" string="â" group="Accented Letters" />
    <Token byte="$75" string="ä" group="Accented Letters" />
    <Token byte="$76" string="É" group="Accented Letters" />
    <Token byte="$77" string="È" group="Accented Letters" />
    <Token byte="$78" string="Ê" group="Accented Letters" />
    <Token byte="$79" string="Ë" group="Accented Letters" />
    <Token byte="$7A" string="é" group="Accented Letters" />
    <Token byte="$7B" string="è" group="Accented Letters" />
    <Token byte="$7C" string="ê" group="Accented Letters" />
    <Token byte="$7D" string="ë" group="Accented Letters" />
    <Token byte="$7F" string="Ì" group="Accented Letters" />
    <Token byte="$80" string="Î" group="Accented Letters" />
    <Token byte="$81" string="Ï" group="Accented Letters" />
    <Token byte="$82" string="í" group="Accented Letters" />
    <Token byte="$83" string="ì" group="Accented Letters" />
    <Token byte="$84" string="î" group="Accented Letters" />
    <Token byte="$85" string="ï" group="Accented Letters" />
    <Token byte="$86" string="Ó" group="Accented Letters" />
    <Token byte="$87" string="Ò" group="Accented Letters" />
    <Token byte="$88" string="Ô" group="Accented Letters" />
    <Token byte="$89" string="Ö" group="Accented Letters" />
    <Token byte="$8A" string="ó" group="Accented Letters" />
    <Token byte="$8B" string="ò" group="Accented Letters" />
    <Token byte="$8C" string="ô" group="Accented Letters" />
    <Token byte="$8D" string="ö" group="Accented Letters" />
    <Token byte="$8E" string="Ú" group="Accented Letters" />
    <Token byte="$8F" string="Ù" group="Accented Letters" />
    <Token byte="$90" string="Û" group="Accented Letters" />
    <Token byte="$91" string="Ü" group="Accented Letters" />
    <Token byte="$92" string="ú" group="Accented Letters" />
    <Token byte="$93" string="ù" group="Accented Letters" />
    <Token byte="$94" string="û" group="Accented Letters" />
    <Token byte="$95" string="ü" group="Accented Letters" />
    <Token byte="$96" string="Ç" group="Accented Letters" />
    <Token byte="$97" string="ç" group="Accented Letters" />
    <Token byte="$98" string="Ñ" group="Accented Letters" />
    <Token byte="$99" string="ñ" group="Accented Letters" />
    <Token byte="$9A" string="´" stringTerminator="false">
      <Alt string="|'" />
      <Alt string="^^'" />
    </Token>
    <Token byte="$9B" string="|`" stringTerminator="false">
      <Alt string="^^`" />
    </Token>
    <Token byte="$9C" string="¨" stringTerminator="false">
      <Alt string="|:" />
      <Alt string="^^:" />
    </Token>
    <Token byte="$9D" string="¿" stringTerminator="false">
      <Alt string="|?" />
    </Token>
    <Token byte="$9E" string="¡" stringTerminator="false">
      <Alt string="|!" />
    </Token>
    <Token byte="$9F" string="α" group="Greek">
      <Alt string="alpha" />
    </Token>
    <Token byte="$A0" string="β" group="Greek">
      <Alt string="beta" />
    </Token>
    <Token byte="$A1" string="γ" group="Greek">
      <Alt string="gamma" />
    </Token>
    <Token byte="$A2" string="Δ" group="Greek">
      <Alt string="Delta" />
    </Token>
    <Token byte="$A3" string="δ" group="Greek">
      <Alt string="delta" />
    </Token>
    <Token byte="$A4" string="ε" group="Greek">
      <Alt string="epsilon" />
    </Token>
    <Token byte="$A5" string="λ" group="Greek">
      <Alt string="lambda" />
    </Token>
    <Token byte="$A6" string="μ" group="Greek">
      <Alt string="mu" />
    </Token>
    <Token byte="$A7" string="|π" group="Greek">
      <Alt string="greek_pi" />
    </Token>
    <Token byte="$A8" string="ρ" group="Greek">
      <Alt string="rho" />
    </Token>
    <Token byte="$A9" string="Σ" group="Greek">
      <Alt string="Sigma" />
    </Token>
    <Token byte="$AB" string="Φ" group="Greek">
      <Alt string="Phi" />
    </Token>
    <Token byte="$AC" string="Ω" group="Greek">
      <Alt string="Omega" />
    </Token>
    <Token byte="$AD" string="ṗ" group="Greek">
      <Alt string="phat" />
    </Token>
    <Token byte="$AE" string="χ" group="Greek">
      <Alt string="chi" />
    </Token>
    <Token byte="$AF" string="|F" />
    <Token byte="$B0" string="a" />
    <Token byte="$B1" string="b" />
    <Token byte="$B2" string="c" />
    <Token byte="$B3" string="d" />
    <Token byte="$B4" string="e" />
    <Token byte="$B5" string="f" />
    <Token byte="$B6" string="g" />
    <Token byte="$B7" string="h" />
    <Token byte="$B8" string="i" />
    <Token byte="$B9" string="j" />
    <Token byte="$BA" string="k" />
    <Token byte="$BC" string="l" />
    <Token byte="$BD" string="m" />
    <Token byte="$BE" string="n" />
    <Token byte="$BF" string="o" />
    <Token byte="$C0" string="p" />
    <Token byte="$C1" string="q" />
    <Token byte="$C2" string="r" />
    <Token byte="$C3" string="s" />
    <Token byte="$C4" string="t" />
    <Token byte="$C5" string="u" />
    <Token byte="$C6" string="v" />
    <Token byte="$C7" string="w" />
    <Token byte="$C8" string="x" />
    <Token byte="$C9" string="y" />
    <Token byte="$CA" string="z" />
    <Token byte="$CB" string="σ" group="Greek">
      <Alt string="sigma" />
    </Token>
    <Token byte="$CC" string="τ" group="Greek">
      <Alt string="tau" />
    </Token>
    <Token byte="$CD" string="Í" />
    <Token byte="$CE" string="GarbageCollect" />
    <Token byte="$CF" string="|~" />
    <Token byte="$D1" string="@" />
    <Token byte="$D2" string="#" />
    <Token byte="$D3" string="$" />
    <Token byte="$D4" string="&amp;" />
    <Token byte="$D5" string="`" />
    <Token byte="$D6" string=";" />
    <Token byte="$D7" string="\" />
    <Token byte="$D8" string="|" />
    <Token byte="$D9" string="_" />
    <Token byte="$DA" string="%" />
    <Token byte="$DB" string="…" stringTerminator="false">
      <Alt string="..." />
    </Token>
    <Token byte="$DC" string="∠" stringTerminator="false">
      <Alt string="|&lt;" />
    </Token>
    <Token byte="$DD" string="ß" stringTerminator="false">
      <Alt string="sharps" />
    </Token>
    <Token byte="$DE" string="ˣ" stringTerminator="false">
      <Alt string="^^x" />
    </Token>
    <Token byte="$DF" string="ᴛ" stringTerminator="false">
      <Alt string="smallT" />
    </Token>
    <Token byte="$E0" string="₀" stringTerminator="false">
      <Alt string="small0" />
    </Token>
    <Token byte="$E1" string="₁" stringTerminator="false">
      <Alt string="small1" />
    </Token>
    <Token byte="$E2" string="₂" stringTerminator="false">
      <Alt string="small2" />
    </Token>
    <Token byte="$E3" string="₃" stringTerminator="false">
      <Alt string="small3" />
    </Token>
    <Token byte="$E4" string="₄" stringTerminator="false">
      <Alt string="small4" />
    </Token>
    <Token byte="$E5" string="₅" stringTerminator="false">
      <Alt string="small5" />
    </Token>
    <Token byte="$E6" string="₆" stringTerminator="false">
      <Alt string="small6" />
    </Token>
    <Token byte="$E7" string="₇" stringTerminator="false">
      <Alt string="small7" />
    </Token>
    <Token byte="$E8" string="₈" stringTerminator="false">
      <Alt string="small8" />
    </Token>
    <Token byte="$E9" string="₉" stringTerminator="false">
      <Alt string="small9" />
    </Token>
    <Token byte="$EA" string="₁₀" stringTerminator="false">
      <Alt string="small10" />
    </Token>
    <Token byte="$EB" string="◄" stringTerminator="false">
      <Alt string="&lt;|" />
    </Token>
    <Token byte="$EC" string="►" stringTerminator="false">
      <Alt string="|&gt;" />
    </Token>
    <Token byte="$ED" string="↑" stringTerminator="false">
      <Alt string="uparrow" />
    </Token>
    <Token byte="$EE" string="↓" stringTerminator="false">
      <Alt string="downarrow" />
    </Token>
    <Token byte="$F0" string="×" stringTerminator="false">
      <Alt string="xmark" />
    </Token>
    <Token byte="$F1" string="∫" stringTerminator="false">
      <Alt string="integral" />
    </Token>
    <Token byte="$F2" string="bolduparrow" />
    <Token byte="$F3" string="bolddownarrow" />
    <Token byte="$F4" string="√" stringTerminator="false">
      <Alt string="squareroot" />
    </Token>
    <Token byte="$F5" string="invertedequal" />
  </Token>
  <Token byte="$BC" string="√(" stringTerminator="false">
    <Alt string="sqrt(" />
  </Token>
  <Token byte="$BD" string="³√(" stringTerminator="false">
    <Alt string="cuberoot(" />
  </Token>
  <Token byte="$BE" string="ln(" />
  <Token byte="$BF" string="e^(" />
  <Token byte="$C0" string="log(" />
  <Token byte="$C1" string="₁₀^(" stringTerminator="false">
    <Alt string="10^" />
  </Token>
  <Token byte="$C2" string="sin(" />
  <Token byte="$C3" string="sin⁻¹(" stringTerminator="false">
    <Alt string="sin^-1(" />
  </Token>
  <Token byte="$C4" string="cos(" />
  <Token byte="$C5" string="cos⁻¹(" stringTerminator="false">
    <Alt string="cos^-1(" />
  </Token>
  <Token byte="$C6" string="tan(" />
  <Token byte="$C7" string="tan⁻¹(" stringTerminator="false">
    <Alt string="tan^-1(" />
  </Token>
  <Token byte="$C8" string="sinh(" />
  <Token byte="$C9" string="sinh⁻¹(" stringTerminator="false">
    <Alt string="sinh^-1(" />
  </Token>
  <Token byte="$CA" string="cosh(" />
  <Token byte="$CB" string="soch⁻¹(" stringTerminator="false">
    <Alt string="cosh^-1(" />
  </Token>
  <Token byte="$CC" string="tanh(" />
  <Token byte="$CD" string="tanh⁻¹(" stringTerminator="false">
    <Alt string="tanh^-1(" />
  </Token>
  <Token byte="$CE" string="If " />
  <Token byte="$CF" string="Then" />
  <Token byte="$D0" string="Else" />
  <Token byte="$D1" string="While " />
  <Token byte="$D2" string="Repeat " />
  <Token byte="$D3" string="For(" />
  <Token byte="$D4" string="End" />
  <Token byte="$D5" string="Return" />
  <Token byte="$D6" string="Lbl " />
  <Token byte="$D7" string="Goto " />
  <Token byte="$D8" string="Pause " />
  <Token byte="$D9" string="Stop" />
  <Token byte="$DA" string="IS&gt;(" />
  <Token byte="$DB" string="DS&lt;(" />
  <Token byte="$DC" string="Input " />
  <Token byte="$DD" string="Prompt " />
  <Token byte="$DE" string="Disp " />
  <Token byte="$DF" string="DispGraph" />
  <Token byte="$E0" string="Output(" />
  <Token byte="$E1" string="ClrHome" />
  <Token byte="$E2" string="Fill(" />
  <Token byte="$E3" string="SortA(" />
  <Token byte="$E4" string="SortD(" />
  <Token byte="$E5" string="DispTable" />
  <Token byte="$E6" string="Menu(" />
  <Token byte="$E7" string="Send(" />
  <Token byte="$E8" string="Get(" />
  <Token byte="$E9" string="PlotsOn " />
  <Token byte="$EA" string="PlotsOff " />
  <Token byte="$EB" string="ʟ" stringTerminator="false">
    <Alt string="smallL" />
    <Alt string="|L" />
  </Token>
  <Token byte="$EC" string="Plot1(" />
  <Token byte="$ED" string="Plot2(" />
  <Token byte="$EE" string="Plot3(" />
  <Token byte="$EF" stringTerminator="false">
    <Token byte="$00" string="setDate(" />
    <Token byte="$01" string="setTime(" />
    <Token byte="$02" string="checkTmr(" />
    <Token byte="$03" string="setDtFmt(" />
    <Token byte="$04" string="setTmFmt(" />
    <Token byte="$05" string="timeCnv(" />
    <Token byte="$06" string="dayOfWk(" />
    <Token byte="$07" string="getDtStr" />
    <Token byte="$08" string="getTmStr(" />
    <Token byte="$09" string="getDate" />
    <Token byte="$0A" string="getTime" />
    <Token byte="$0B" string="startTmr" />
    <Token byte="$0C" string="getDtFmt" />
    <Token byte="$0D" string="getTmFmt" />
    <Token byte="$0E" string="isClockOn" />
    <Token byte="$0F" string="ClockOff" />
    <Token byte="$10" string="ClockOn" />
    <Token byte="$11" string="OpenLib(" />
    <Token byte="$12" string="ExecLib" />
    <Token byte="$13" string="invT(" />
    <Token byte="$14" string="χ²GOF-Test(" stringTerminator="false">
      <Alt string="χ^2GOF-Test(" />
      <Alt string="chi²GOF-Test(" />
      <Alt string="chi^2GOF-Test(" />
    </Token>
    <Token byte="$15" string="LinRegTInt " />
    <Token byte="$16" string="Manual-Fit " />
    <Token byte="$17" string="ZQuadrant1" />
    <Token byte="$18" string="ZFrac1/2" />
    <Token byte="$19" string="ZFrac1/3" />
    <Token byte="$1A" string="ZFrac1/4" />
    <Token byte="$1B" string="ZFrac1/5" />
    <Token byte="$1C" string="ZFrac1/8" />
    <Token byte="$1D" string="ZFrac1/10" />
    <Token byte="$1E" string="mathprintbox" />
    <Token byte="$2E" string="⁄" stringTerminator="false">
      <Alt string="n/d" />
    </Token>
    <Token byte="$2F" string="ᵤ" stringTerminator="false">
      <Alt string="Un/d" />
    </Token>
    <Token byte="$30" string="►n⁄d◄►Un⁄d" stringTerminator="false">
      <Alt string="►n/d◄►Un/d" />
      <Alt string="&gt;n⁄d&lt;&gt;Un⁄d" />
      <Alt string="&gt;n/d&lt;&gt;Un/d" />
    </Token>
    <Token byte="$31" string="►F◄►D" stringTerminator="false">
      <Alt string="&gt;F&lt;&gt;D" />
    </Token>
    <Token byte="$32" string="remainder(" />
    <Token byte="$33" string="Σ(" stringTerminator="false">
      <Alt string="Sigma(" />
    </Token>
    <Token byte="$34" string="logBASE(" />
    <Token byte="$35" string="randIntNoRep(" />
    <Token byte="$37" string="[MATHPRINT]" />
    <Token byte="$38" string="[CLASSIC]" />
    <Token byte="$39" string="n⁄d" stringTerminator="false">
      <Alt string="[n/d]" />
    </Token>
    <Token byte="$3A" string="Un⁄d" stringTerminator="false">
      <Alt string="[Un/d]" />
    </Token>
    <Token byte="$3B" string="[AUTO]" />
    <Token byte="$3C" string="[DEC]" />
    <Token byte="$3D" string="[FRAC]" />
  </Token>
  <Token byte="$F0" string="^" />
  <Token byte="$F1" string="ˣ√" stringTerminator="false">
    <Alt string="xroot" />
  </Token>
  <Token byte="$F2" string="1-Var Stats " />
  <Token byte="$F3" string="2-Var Stats" />
  <Token byte="$F4" string="LinReg(a+bx) " />
  <Token byte="$F5" string="ExpReg " />
  <Token byte="$F6" string="LnReg " />
  <Token byte="$F7" string="PwrReg " />
  <Token byte="$F8" string="Med-Med " />
  <Token byte="$F9" string="QuadReg " />
  <Token byte="$FA" string="ClrList " />
  <Token byte="$FB" string="ClrTable" />
  <Token byte="$FC" string="Histogram" />
  <Token byte="$FD" string="xyLine" />
  <Token byte="$FE" string="Scatter" />
  <Token byte="$FF" string="LinReg(ax+b) " />
</Tokens>